Commit on Sun Jul  6 09:49:12 UTC 2025
Commit on Mon Jul  7 03:26:28 UTC 2025
Commit on Tue Jul  8 03:21:19 UTC 2025
Commit on Wed Jul  9 03:24:00 UTC 2025
Commit on Thu Jul 10 03:23:50 UTC 2025
Commit on Fri Jul 11 03:38:27 UTC 2025
Commit on Sat Jul 12 03:26:46 UTC 2025
Commit on Sun Jul 13 03:41:38 UTC 2025
Commit on Mon Jul 14 03:42:35 UTC 2025
Commit on Tue Jul 15 03:39:59 UTC 2025
Commit on Wed Jul 16 03:37:49 UTC 2025
Commit on Thu Jul 17 03:37:39 UTC 2025
Commit on Fri Jul 18 03:39:53 UTC 2025
Commit on Sat Jul 19 03:24:31 UTC 2025
Commit on Sun Jul 20 03:47:09 UTC 2025
Commit on Mon Jul 21 03:45:51 UTC 2025
Commit on Tue Jul 22 03:39:29 UTC 2025
Commit on Wed Jul 23 03:41:04 UTC 2025
Commit on Thu Jul 24 03:39:31 UTC 2025
Commit on Fri Jul 25 03:39:53 UTC 2025
Commit on Sat Jul 26 03:36:22 UTC 2025
Commit on Sun Jul 27 03:48:21 UTC 2025
Commit on Mon Jul 28 03:47:15 UTC 2025
Commit on Tue Jul 29 03:50:10 UTC 2025
Commit on Tue Jul 29 11:44:43 UTC 2025
Commit on Wed Jul 30 03:38:31 UTC 2025
Commit on Thu Jul 31 03:28:11 UTC 2025
Commit on Fri Aug  1 03:50:42 UTC 2025
Commit on Sat Aug  2 03:21:29 UTC 2025
Commit on Sun Aug  3 03:45:54 UTC 2025
Commit on Mon Aug  4 03:50:57 UTC 2025
Commit on Tue Aug  5 03:42:38 UTC 2025
Commit on Wed Aug  6 03:39:38 UTC 2025
Commit on Thu Aug  7 03:39:49 UTC 2025
Commit on Fri Aug  8 03:39:22 UTC 2025
Commit on Sat Aug  9 03:15:48 UTC 2025
Commit on Sun Aug 10 03:39:12 UTC 2025
Commit on Mon Aug 11 03:38:37 UTC 2025
Commit on Tue Aug 12 03:13:09 UTC 2025
Commit on Wed Aug 13 03:15:33 UTC 2025
Commit on Thu Aug 14 03:15:53 UTC 2025
Commit on Fri Aug 15 03:17:21 UTC 2025
Commit on Sat Aug 16 03:10:31 UTC 2025
Commit on Sun Aug 17 03:21:16 UTC 2025
Commit on Mon Aug 18 03:25:29 UTC 2025
Commit on Tue Aug 19 03:06:15 UTC 2025
Commit on Wed Aug 20 03:04:14 UTC 2025
Commit on Thu Aug 21 03:03:18 UTC 2025
Commit on Fri Aug 22 03:03:46 UTC 2025
Commit on Sat Aug 23 02:58:01 UTC 2025
Commit on Sun Aug 24 03:14:38 UTC 2025
Commit on Mon Aug 25 03:10:48 UTC 2025
Commit on Tue Aug 26 03:04:55 UTC 2025
Commit on Wed Aug 27 02:58:33 UTC 2025
Commit on Thu Aug 28 02:58:22 UTC 2025
Commit on Fri Aug 29 02:58:20 UTC 2025
Commit on Sat Aug 30 02:52:03 UTC 2025
Commit on Sun Aug 31 03:02:29 UTC 2025
Commit on Mon Sep  1 03:16:31 UTC 2025
Commit on Tue Sep  2 03:01:57 UTC 2025
Commit on Wed Sep  3 02:50:43 UTC 2025
Commit on Thu Sep  4 02:51:37 UTC 2025
Commit on Fri Sep  5 02:54:33 UTC 2025
Commit on Sat Sep  6 02:49:20 UTC 2025
Commit on Sun Sep  7 02:58:32 UTC 2025
Commit on Mon Sep  8 03:01:50 UTC 2025
Commit on Tue Sep  9 02:57:03 UTC 2025
Commit on Wed Sep 10 02:50:52 UTC 2025
Commit on Thu Sep 11 02:55:59 UTC 2025
Commit on Fri Sep 12 02:50:21 UTC 2025
Commit on Sat Sep 13 02:41:35 UTC 2025
Commit on Sun Sep 14 02:58:02 UTC 2025
Commit on Mon Sep 15 03:02:56 UTC 2025
Commit on Tue Sep 16 02:52:14 UTC 2025
Commit on Wed Sep 17 02:51:03 UTC 2025
Commit on Thu Sep 18 02:52:39 UTC 2025
Commit on Fri Sep 19 02:56:10 UTC 2025
Commit on Sat Sep 20 02:49:04 UTC 2025
Commit on Sun Sep 21 03:02:51 UTC 2025
Commit on Mon Sep 22 03:02:44 UTC 2025
Commit on Tue Sep 23 02:53:26 UTC 2025
Commit on Wed Sep 24 02:54:59 UTC 2025
Commit on Thu Sep 25 02:57:10 UTC 2025
Commit on Fri Sep 26 02:55:22 UTC 2025
Commit on Sat Sep 27 02:49:36 UTC 2025
Commit on Sun Sep 28 03:03:38 UTC 2025
Commit on Mon Sep 29 02:59:43 UTC 2025
Commit on Tue Sep 30 02:53:54 UTC 2025
Commit on Wed Oct  1 03:06:43 UTC 2025
Commit on Thu Oct  2 02:52:37 UTC 2025
Commit on Fri Oct  3 02:52:09 UTC 2025
Commit on Sat Oct  4 02:43:42 UTC 2025
Commit on Sun Oct  5 03:02:49 UTC 2025
Commit on Mon Oct  6 02:57:35 UTC 2025
Commit on Tue Oct  7 02:53:24 UTC 2025
Commit on Wed Oct  8 02:53:17 UTC 2025
Commit on Thu Oct  9 02:55:43 UTC 2025
Commit on Fri Oct 10 02:56:07 UTC 2025
Commit on Sat Oct 11 02:48:41 UTC 2025
Commit on Sun Oct 12 02:58:00 UTC 2025
Commit on Mon Oct 13 03:05:03 UTC 2025
Commit on Tue Oct 14 02:56:23 UTC 2025
Commit on Wed Oct 15 03:00:29 UTC 2025
Commit on Thu Oct 16 02:58:43 UTC 2025
Commit on Fri Oct 17 02:57:36 UTC 2025
Commit on Sat Oct 18 02:50:31 UTC 2025
Commit on Sun Oct 19 03:10:53 UTC 2025
Commit on Mon Oct 20 03:10:28 UTC 2025
Commit on Tue Oct 21 03:01:21 UTC 2025
Commit on Wed Oct 22 03:06:04 UTC 2025
Commit on Thu Oct 23 02:59:11 UTC 2025
Commit on Fri Oct 24 02:55:46 UTC 2025
Commit on Sat Oct 25 02:57:16 UTC 2025
Commit on Sun Oct 26 03:05:13 UTC 2025
Commit on Mon Oct 27 03:14:56 UTC 2025
Commit on Tue Oct 28 03:02:47 UTC 2025
Commit on Wed Oct 29 03:10:45 UTC 2025
Commit on Thu Oct 30 03:06:31 UTC 2025
Commit on Fri Oct 31 03:05:59 UTC 2025
Commit on Sat Nov  1 03:06:23 UTC 2025
Commit on Sun Nov  2 03:10:25 UTC 2025
Commit on Mon Nov  3 03:12:18 UTC 2025
Commit on Tue Nov  4 03:05:46 UTC 2025
Commit on Wed Nov  5 03:06:49 UTC 2025
Commit on Thu Nov  6 03:09:22 UTC 2025
Commit on Fri Nov  7 03:06:09 UTC 2025
Commit on Sat Nov  8 02:57:45 UTC 2025
Commit on Sun Nov  9 03:08:38 UTC 2025
Commit on Mon Nov 10 03:14:36 UTC 2025
Commit on Tue Nov 11 03:08:53 UTC 2025
Commit on Wed Nov 12 03:07:41 UTC 2025
Commit on Thu Nov 13 03:09:52 UTC 2025
Commit on Fri Nov 14 03:08:18 UTC 2025
Commit on Sat Nov 15 03:02:02 UTC 2025
Commit on Sun Nov 16 03:13:14 UTC 2025
Commit on Mon Nov 17 03:11:10 UTC 2025
Commit on Tue Nov 18 03:07:44 UTC 2025
Commit on Wed Nov 19 03:07:07 UTC 2025
Commit on Thu Nov 20 03:05:04 UTC 2025
Commit on Fri Nov 21 03:06:03 UTC 2025
Commit on Sat Nov 22 02:59:31 UTC 2025
Commit on Sun Nov 23 03:22:13 UTC 2025
Commit on Mon Nov 24 03:18:55 UTC 2025
Commit on Tue Nov 25 03:10:07 UTC 2025
Commit on Wed Nov 26 03:09:55 UTC 2025
Commit on Thu Nov 27 03:06:52 UTC 2025
Commit on Fri Nov 28 03:06:30 UTC 2025
Commit on Sat Nov 29 03:06:32 UTC 2025
Commit on Sun Nov 30 03:21:46 UTC 2025
Commit on Mon Dec  1 03:45:19 UTC 2025
Commit on Tue Dec  2 03:13:33 UTC 2025
